<TextureAtlas imagePath="sprites.png">
	<SubTexture name="airdodge.png" x="0" y="2035" width="1183" height="102"/>
	<SubTexture name="apron.png" x="266" y="5593" width="36" height="101"/>
	<SubTexture name="apronfail.png" x="112" y="5962" width="68" height="86"/>
	<SubTexture name="b.png" x="0" y="2471" width="984" height="96"/>
	<SubTexture name="bair.png" x="0" y="1370" width="1647" height="158"/>
	<SubTexture name="broken.png" x="266" y="5495" width="61" height="96"/>
	<SubTexture name="china.png" x="0" y="0" width="6048" height="130"/>
	<SubTexture name="counter.png" x="0" y="347" width="2831" height="132"/>
	<SubTexture name="crouch.png" x="0" y="3373" width="784" height="96"/>
	<SubTexture name="crouchtaunt.png" x="0" y="1811" width="1287" height="97"/>
	<SubTexture name="dair.png" x="0" y="1043" width="2004" height="219"/>
	<SubTexture name="dashattack.png" x="0" y="2359" width="1085" height="110"/>
	<SubTexture name="downb.png" x="0" y="235" width="3752" height="110"/>
	<SubTexture name="dsmash.png" x="0" y="132" width="3776" height="101"/>
	<SubTexture name="dtilt.png" x="0" y="4730" width="490" height="63"/>
	<SubTexture name="edge.png" x="0" y="5837" width="124" height="99"/>
	<SubTexture name="entry.png" x="0" y="3575" width="693" height="149"/>
	<SubTexture name="fair.png" x="0" y="2139" width="1150" height="121"/>
	<SubTexture name="fall.png" x="239" y="5837" width="97" height="171"/>
	<SubTexture name="flinch.png" x="0" y="4263" width="550" height="96"/>
	<SubTexture name="flinch2.png" x="0" y="4361" width="550" height="96"/>
	<SubTexture name="flinch3.png" x="0" y="5938" width="110" height="96"/>
	<SubTexture name="getup.png" x="0" y="1701" width="1330" height="108"/>
	<SubTexture name="grab.png" x="0" y="2949" width="888" height="123"/>
	<SubTexture name="hold.png" x="126" y="5837" width="111" height="123"/>
	<SubTexture name="jab.png" x="0" y="4152" width="565" height="109"/>
	<SubTexture name="jump.png" x="0" y="5290" width="300" height="105"/>
	<SubTexture name="jump2.png" x="0" y="2569" width="970" height="154"/>
	<SubTexture name="land.png" x="0" y="4795" width="485" height="171"/>
	<SubTexture name="lose.png" x="0" y="5139" width="396" height="149"/>
	<SubTexture name="nair.png" x="0" y="2832" width="889" height="115"/>
	<SubTexture name="roll.png" x="0" y="1264" width="1946" height="104"/>
	<SubTexture name="run.png" x="0" y="3471" width="714" height="102"/>
	<SubTexture name="shield.png" x="0" y="5397" width="288" height="96"/>
	<SubTexture name="sideb.png" x="0" y="3202" width="792" height="169"/>
	<SubTexture name="sidebend.png" x="0" y="1530" width="1584" height="169"/>
	<SubTexture name="sidebreel.png" x="0" y="5495" width="264" height="169"/>
	<SubTexture name="sidebstartup.png" x="0" y="4559" width="528" height="169"/>
	<SubTexture name="sidebthrow.png" x="0" y="3877" width="660" height="169"/>
	<SubTexture name="ssmash.png" x="0" y="481" width="2567" height="144"/>
	<SubTexture name="stand.png" x="0" y="4459" width="544" height="98"/>
	<SubTexture name="stilt.png" x="0" y="2725" width="924" height="105"/>
	<SubTexture name="taunt.png" x="0" y="767" width="2079" height="149"/>
	<SubTexture name="turn.png" x="0" y="4048" width="612" height="102"/>
	<SubTexture name="uair.png" x="0" y="3074" width="824" height="126"/>
	<SubTexture name="upb.png" x="0" y="4968" width="396" height="169"/>
	<SubTexture name="upbstartup.png" x="0" y="5666" width="264" height="169"/>
	<SubTexture name="usmash.png" x="0" y="918" width="2015" height="123"/>
	<SubTexture name="uthrow.png" x="0" y="1910" width="1221" height="123"/>
	<SubTexture name="utilt.png" x="0" y="627" width="2123" height="138"/>
	<SubTexture name="walk.png" x="0" y="2262" width="1104" height="95"/>
	<SubTexture name="win.png" x="0" y="3726" width="693" height="149"/>
</TextureAtlas>